name,site,severity,type,point,datum_projection,easting,northing,comments
GRNSNO-N,GRNSNO,unb,Plot Corner,N,"WGS84, UTM 10S",723712,4330236,
GRNSNO-E,GRNSNO,unb,Plot Corner,E,"WGS84, UTM 10S",723831,4330075,
GRNSNO-S,GRNSNO,unb,Plot Corner,S,"WGS84, UTM 10S",723684,4329934,
GRNSNO-W,GRNSNO,unb,Plot Corner,W,"WGS84, UTM 10S",723543,4330108,
GRNSNO-BAT,GRNSNO,unb,Bat pole,BAT,"WGS84, UTM 10S",723800,4330095,
GRNSNO-A1,GRNSNO,unb,Mammal Grid,A1,"WGS84, UTM 10S",723651,4330175,
GRNSNO-A10,GRNSNO,unb,Mammal Grid,A10,"WGS84, UTM 10S",723728,4330128,
GRNSNO-J1,GRNSNO,unb,Mammal Grid,J1,"WGS84, UTM 10S",723603,4330102,
GRNSNO-J10,GRNSNO,unb,Mammal Grid,J10,"WGS84, UTM 10S",723677,4330049,
GRNSNO-CT1,GRNSNO,unb,Camera Trap,CT1,"WGS84, UTM 10S",723802,4330065,
GRNSNO-CT2,GRNSNO,unb,Camera Trap,CT2,"WGS84, UTM 10S",723544,4330105,
GRNSNO-BC1,GRNSNO,unb,Bird Count,BC1,"WGS84, UTM 10S",723713,4330227,
GRNSNO-BC2,GRNSNO,unb,Bird Count,BC2,"WGS84, UTM 10S",723718,4329991,
GRNQUA-NE,GRNQUA,unb,Plot Corner,NE,"WGS84, UTM 10S",724263,4330508,
GRNQUA-SE,GRNQUA,unb,Plot Corner,SE,"WGS84, UTM 10S",724264,4330287,
GRNQUA-NW,GRNQUA,unb,Plot Corner,NW,"WGS84, UTM 10S",724054,4330432,
GRNQUA-SW,GRNQUA,unb,Plot Corner,SW,"WGS84, UTM 10S",724064,4330247,
GRNQUA-BAT,GRNQUA,unb,Bat pole,BAT,"WGS84, UTM 10S",724199,4330264,
GRNQUA-A1,GRNQUA,unb,Mammal Grid,A1,"WGS84, UTM 10S",724152,4330422,
GRNQUA-A10,GRNQUA,unb,Mammal Grid,A10,"WGS84, UTM 10S",724163,4330331,
GRNQUA-J1,GRNQUA,unb,Mammal Grid,J1,"WGS84, UTM 10S",724058,4330406,
GRNQUA-J10,GRNQUA,unb,Mammal Grid,J10,"WGS84, UTM 10S",724086,4330328,
GRNQUA-CT1,GRNQUA,unb,Camera Trap,CT1,"WGS84, UTM 10S",724065,4330275,
GRNQUA-CT2,GRNQUA,unb,Camera Trap,CT2,"WGS84, UTM 10S",724163,4330308,
GRNQUA-BC1,GRNQUA,unb,Bird Count,BC1,"WGS84, UTM 10S",724253,4330318,
GRNQUA-BC2,GRNQUA,unb,Bird Count,BC2,"WGS84, UTM 10S",724064,4330417,
GRNDAM-N,GRNDAM,unb,Plot Corner,N,"WGS84, UTM 10S",718828,4325845,
GRNDAM-E,GRNDAM,unb,Plot Corner,E,"WGS84, UTM 10S",718947,4325752,
GRNDAM-S,GRNDAM,unb,Plot Corner,S,"WGS84, UTM 10S",718732,4325553,
GRNDAM-W,GRNDAM,unb,Plot Corner,W,"WGS84, UTM 10S",718634,4325664,
GRNDAM-BAT,GRNDAM,unb,Bat pole,BAT,"WGS84, UTM 10S",718767,4325691,
GRNDAM-A1,GRNDAM,unb,Mammal Grid,A1,"WGS84, UTM 10S",718753,4325622,
GRNDAM-A10,GRNDAM,unb,Mammal Grid,A10,"WGS84, UTM 10S",718822,4325695,
GRNDAM-J1,GRNDAM,unb,Mammal Grid,J1,"WGS84, UTM 10S",718688,4325691,
GRNDAM-J10,GRNDAM,unb,Mammal Grid,J10,"WGS84, UTM 10S",718758,4325760,
GRNDAM-CT1,GRNDAM,unb,Camera Trap,CT1,"WGS84, UTM 10S",718812,4325826,
GRNDAM-CT2,GRNDAM,unb,Camera Trap,CT2,"WGS84, UTM 10S",718730,4325600,
GRNDAM-BC1,GRNDAM,unb,Bird Count,BC1,"WGS84, UTM 10S",718625,4325667,
GRNDAM-BC2,GRNDAM,unb,Bird Count,BC2,"WGS84, UTM 10S",718946,4325757,
MIXBUT-N,MIXBUT,mod,Plot Corner,N,"WGS84, UTM 10S",722504,4329346,
MIXBUT-E,MIXBUT,mod,Plot Corner,E,"WGS84, UTM 10S",722597,4329523,
MIXBUT-S,MIXBUT,mod,Plot Corner,S,"WGS84, UTM 10S",722696,4329522,
MIXBUT-W,MIXBUT,mod,Plot Corner,W,"WGS84, UTM 10S",722521,4329142,
MIXBUT-BAT,MIXBUT,mod,Bat pole,BAT,"WGS84, UTM 10S",722512,4329231,
MIXBUT-A1,MIXBUT,mod,Mammal Grid,A1,"WGS84, UTM 10S",722635,4329326,
MIXBUT-A10,MIXBUT,mod,Mammal Grid,A10,"WGS84, UTM 10S",722545,4329330,
MIXBUT-J1,MIXBUT,mod,Mammal Grid,J1,"WGS84, UTM 10S",722644,4329416,
MIXBUT-J10,MIXBUT,mod,Mammal Grid,J10,"WGS84, UTM 10S",722555,4329423,
MIXBUT-CT1,MIXBUT,mod,Camera Trap,CT1,"WGS84, UTM 10S",722511,4329263,
MIXBUT-CT2,MIXBUT,mod,Camera Trap,CT2,"WGS84, UTM 10S",722510,4329176,
MIXBUT-BC1,MIXBUT,mod,Bird Count,BC1,"WGS84, UTM 10S",722512,4329231,
MIXBUT-BC2,MIXBUT,mod,Bird Count,BC2,"WGS84, UTM 10S",722597,4329523,
MIXWAT-N,MIXWAT,mod,Plot Corner,N,"WGS84, UTM 10S",720023,4326828,
MIXWAT-E,MIXWAT,mod,Plot Corner,E,"WGS84, UTM 10S",720079,4326707,
MIXWAT-S,MIXWAT,mod,Plot Corner,S,"WGS84, UTM 10S",719915,4326561,
MIXWAT-W,MIXWAT,mod,Plot Corner,W,"WGS84, UTM 10S",719825,4326716,
MIXWAT-BAT,MIXWAT,mod,Bat pole,BAT,"WGS84, UTM 10S",719980,4326670,
MIXWAT-A1,MIXWAT,mod,Mammal Grid,A1,"WGS84, UTM 10S",719923,4326615,
MIXWAT-A10,MIXWAT,mod,Mammal Grid,A10,"WGS84, UTM 10S",720001,4326616,
MIXWAT-J1,MIXWAT,mod,Mammal Grid,J1,"WGS84, UTM 10S",719914,4326697,
MIXWAT-J10,MIXWAT,mod,Mammal Grid,J10,"WGS84, UTM 10S",720008,4326702,
MIXWAT-CT1,MIXWAT,mod,Camera Trap,CT1,"WGS84, UTM 10S",720039,4326730,
MIXWAT-CT2,MIXWAT,mod,Camera Trap,CT2,"WGS84, UTM 10S",719878,4326758,
MIXWAT-BC1,MIXWAT,mod,Bird Count,BC1,"WGS84, UTM 10S",720017,4326831,
MIXWAT-BC2,MIXWAT,mod,Bird Count,BC2,"WGS84, UTM 10S",719911,4326566,
MIXRIV-N,MIXRIV,mod,Plot Corner,N,"WGS84, UTM 10S",720677,4326874,
MIXRIV-E,MIXRIV,mod,Plot Corner,E,"WGS84, UTM 10S",720838,4326749,
MIXRIV-S,MIXRIV,mod,Plot Corner,S,"WGS84, UTM 10S",720723,4326587,
MIXRIV-W,MIXRIV,mod,Plot Corner,W,"WGS84, UTM 10S",720560,4326708,
MIXRIV-BAT,MIXRIV,mod,Bat pole,BAT,"WGS84, UTM 10S",720717,4326741,
MIXRIV-A1,MIXRIV,mod,Mammal Grid,A1,"WGS84, UTM 10S",720669,4326774,
MIXRIV-A10,MIXRIV,mod,Mammal Grid,A10,"WGS84, UTM 10S",720670,4326683,
MIXRIV-J1,MIXRIV,mod,Mammal Grid,J1,"WGS84, UTM 10S",720764,4326782,
MIXRIV-J10,MIXRIV,mod,Mammal Grid,J10,"WGS84, UTM 10S",720764,4326689,
MIXRIV-CT1,MIXRIV,mod,Camera Trap,CT1,"WGS84, UTM 10S",720712,4326676,
MIXRIV-CT2,MIXRIV,mod,Camera Trap,CT2,"WGS84, UTM 10S",720681,4326835,
MIXRIV-BC1,MIXRIV,mod,Bird Count,BC1,"WGS84, UTM 10S",720559,4326717,
MIXRIV-BC2,MIXRIV,mod,Bird Count,BC2,"WGS84, UTM 10S",720820,4326776,
HICAMP-N,HICAMP,high,Plot Corner,N,"WGS84, UTM 10S",722989,4328053,
HICAMP-E,HICAMP,high,Plot Corner,E,"WGS84, UTM 10S",723132,4327929,
HICAMP-S,HICAMP,high,Plot Corner,S,"WGS84, UTM 10S",722986,4327795,
HICAMP-W,HICAMP,high,Plot Corner,W,"WGS84, UTM 10S",722847,4327939,
HICAMP-BAT,HICAMP,high,Bat pole,BAT,"WGS84, UTM 10S",723043,4327871,
HICAMP-A1,HICAMP,high,Mammal Grid,A1,"WGS84, UTM 10S",723081,4327873,
HICAMP-A10,HICAMP,high,Mammal Grid,A10,"WGS84, UTM 10S",723039,4327945,
HICAMP-J1,HICAMP,high,Mammal Grid,J1,"WGS84, UTM 10S",723016,4327822,
HICAMP-J10,HICAMP,high,Mammal Grid,J10,"WGS84, UTM 10S",722964,4327899,
HICAMP-CT1,HICAMP,high,Camera Trap,CT1,"WGS84, UTM 10S",723052,4327821,
HICAMP-CT2,HICAMP,high,Camera Trap,CT2,"WGS84, UTM 10S",723091,4327867,
HICAMP-BC1,HICAMP,high,Bird Count,BC1,"WGS84, UTM 10S",723019,4328011,
HICAMP-BC2,HICAMP,high,Bird Count,BC2,"WGS84, UTM 10S",722994,4327832,
HISHRU-N,HISHRU,high,Plot Corner,N,"WGS84, UTM 10S",721031,4323634,
HISHRU-E,HISHRU,high,Plot Corner,E,"WGS84, UTM 10S",721201,4323537,
HISHRU-S,HISHRU,high,Plot Corner,S,"WGS84, UTM 10S",721094,4323368,
HISHRU-W,HISHRU,high,Plot Corner,W,"WGS84, UTM 10S",720922,4323467,
HISHRU-BAT,HISHRU,high,Bat pole,BAT,"WGS84, UTM 10S",721111,4323546,
HISHRU-A1,HISHRU,high,Mammal Grid,A1,"WGS84, UTM 10S",721031,4323416,
HISHRU-A10,HISHRU,high,Mammal Grid,A10,"WGS84, UTM 10S",720959,4323466,
HISHRU-J1,HISHRU,high,Mammal Grid,J1,"WGS84, UTM 10S",721087,4323487,
HISHRU-J10,HISHRU,high,Mammal Grid,J10,"WGS84, UTM 10S",721015,4323539,
HISHRU-CT1,HISHRU,high,Camera Trap,CT1,"WGS84, UTM 10S",721188,4323513,
HISHRU-CT2,HISHRU,high,Camera Trap,CT2,"WGS84, UTM 10S",721101,4323526,
HISHRU-BC1,HISHRU,high,Bird Count,BC1,"WGS84, UTM 10S",720919,4323463,
HISHRU-BC2,HISHRU,high,Bird Count,BC2,"WGS84, UTM 10S",721199,4323535,
HIBADR-N,HIBADR,high,Plot Corner,N,"WGS84, UTM 10S",721802,4325093,
HIBADR-E,HIBADR,high,Plot Corner,E,"WGS84, UTM 10S",721891,4325029,
HIBADR-S,HIBADR,high,Plot Corner,S,"WGS84, UTM 10S",721825,4324823,
HIBADR-W,HIBADR,high,Plot Corner,W,"WGS84, UTM 10S",721665,4324910,
HIBADR-BAT,HIBADR,high,Bat pole,BAT,"WGS84, UTM 10S",721828,4325012,
HIBADR-A1,HIBADR,high,Mammal Grid,A1,"WGS84, UTM 10S",721740,4324884,
HIBADR-A10,HIBADR,high,Mammal Grid,A10,"WGS84, UTM 10S",721829,4324888,
HIBADR-J1,HIBADR,high,Mammal Grid,J1,"WGS84, UTM 10S",721735,4324974,
HIBADR-J10,HIBADR,high,Mammal Grid,J10,"WGS84, UTM 10S",721824,4324978,
HIBADR-CT1,HIBADR,high,Camera Trap,CT1,"WGS84, UTM 10S",721678,4324909,
HIBADR-CT2,HIBADR,high,Camera Trap,CT2,"WGS84, UTM 10S",721844,4325043,
HIBADR-BC1,HIBADR,high,Bird Count,BC1,"WGS84, UTM 10S",721825,4324826,
HIBADR-BC2,HIBADR,high,Bird Count,BC2,"WGS84, UTM 10S",721802,4325096,
GRNKAN-NE,GRNKAN,unb,Plot Corner,NE,"WGS84, UTM 10S",703647,4316223,
GRNKAN-NW,GRNKAN,unb,Plot Corner,NW,"WGS84, UTM 10S",703426,4316261,
GRNKAN-SE,GRNKAN,unb,Plot Corner,SE,"WGS84, UTM 10S",703707,4316072,
GRNKAN-SW,GRNKAN,unb,Plot Corner,SW,"WGS84, UTM 10S",703488,4316045,
GRNKAN-BAT,GRNKAN,unb,Bat pole,BAT,"WGS84, UTM 10S",703685,4316158,
GRNKAN-A1,GRNKAN,unb,Mammal Grid,A1,"WGS84, UTM 10S",703497,4316078,
GRNKAN-A10,GRNKAN,unb,Mammal Grid,A10,"WGS84, UTM 10S",703485,4316174,
GRNKAN-J1,GRNKAN,unb,Mammal Grid,J1,"WGS84, UTM 10S",703592,4316079,
GRNKAN-J10,GRNKAN,unb,Mammal Grid,J10,"WGS84, UTM 10S",703577,4316171,
GRNKAN-CT1,GRNKAN,unb,Camera Trap,CT1,"WGS84, UTM 10S",703636,4316221,
GRNKAN-CT2,GRNKAN,unb,Camera Trap,CT2,"WGS84, UTM 10S",703492,4316042,
GRNKAN-BC1,GRNKAN,unb,Bird Count,BC1,"WGS84, UTM 10S",703589,4316098,
GRNKAN-BC2,GRNKAN,unb,Bird Count,BC2,"WGS84, UTM 10S",703662,4316189,
GRNWOO-NE,GRNWOO,unb,Plot Corner,NE,"WGS84, UTM 10S",708671,4315794,
GRNWOO-NW,GRNWOO,unb,Plot Corner,NW,"WGS84, UTM 10S",708465,4315782,
GRNWOO-SE,GRNWOO,unb,Plot Corner,SE,"WGS84, UTM 10S",708668,4315587,
GRNWOO-SW,GRNWOO,unb,Plot Corner,SW,"WGS84, UTM 10S",708466,4315583,
GRNWOO-BAT,GRNWOO,unb,Bat pole,BAT,"WGS84, UTM 10S",708567,4315601,
GRNWOO-A1,GRNWOO,unb,Mammal Grid,A1,"WGS84, UTM 10S",708515,4315673,
GRNWOO-A10,GRNWOO,unb,Mammal Grid,A10,"WGS84, UTM 10S",708544,4315762,
GRNWOO-J1,GRNWOO,unb,Mammal Grid,J1,"WGS84, UTM 10S",708626,4315640,
GRNWOO-J10,GRNWOO,unb,Mammal Grid,J10,"WGS84, UTM 10S",708627,4315739,
GRNWOO-CT1,GRNWOO,unb,Camera Trap,CT1,"WGS84, UTM 10S",708630,4315634,
GRNWOO-CT2,GRNWOO,unb,Camera Trap,CT2,"WGS84, UTM 10S",708451,4315649,
GRNWOO-BC1,GRNWOO,unb,Bird Count,BC1,"WGS84, UTM 10S",708755,4315818,
GRNWOO-BC2,GRNWOO,unb,Bird Count,BC2,"WGS84, UTM 10S",708466,4315583,
GRNCAR-N,GRNCAR,unb,Plot Corner,N,"WGS84, UTM 10S",710060,4320510,
GRNCAR-E,GRNCAR,unb,Plot Corner,E,"WGS84, UTM 10S",710222,4320380,
GRNCAR-S,GRNCAR,unb,Plot Corner,S,"WGS84, UTM 10S",710082,4320222,
GRNCAR-W,GRNCAR,unb,Plot Corner,W,"WGS84, UTM 10S",709912,4320331,
GRNCAR-BAT,GRNCAR,unb,Bat pole,BAT,"WGS84, UTM 10S",710213,4320371,
GRNCAR-A1,GRNCAR,unb,Mammal Grid,A1,"WGS84, UTM 10S",710073,4320369,
GRNCAR-A10,GRNCAR,unb,Mammal Grid,A10,"WGS84, UTM 10S",710130,4320298,
GRNCAR-J1,GRNCAR,unb,Mammal Grid,J1,"WGS84, UTM 10S",709977,4320329,
GRNCAR-J10,GRNCAR,unb,Mammal Grid,J10,"WGS84, UTM 10S",710047,4320256,
GRNCAR-CT1,GRNCAR,unb,Camera Trap,CT1,"WGS84, UTM 10S",710189,4320407,
GRNCAR-CT2,GRNCAR,unb,Camera Trap,CT2,"WGS84, UTM 10S",710052,4320228,
GRNCAR-BC1,GRNCAR,unb,Bird Count,BC1,"WGS84, UTM 10S",710037,4320478,
GRNCAR-BC2,GRNCAR,unb,Bird Count,BC2,"WGS84, UTM 10S",710082,4320222,
MIXRAV-N,MIXRAV,mod,Plot Corner,N,"WGS84, UTM 10S",712732,4316337,
MIXRAV-E,MIXRAV,mod,Plot Corner,E,"WGS84, UTM 10S",712924,4316276,
MIXRAV-S,MIXRAV,mod,Plot Corner,S,"WGS84, UTM 10S",712815,4316084,
MIXRAV-W,MIXRAV,mod,Plot Corner,W,"WGS84, UTM 10S",712654,4316156,
MIXRAV-BAT,MIXRAV,mod,Bat pole,BAT,"WGS84, UTM 10S",712826,4316155,
MIXRAV-A1,MIXRAV,mod,Mammal Grid,A1,"WGS84, UTM 10S",712790,4316247,
MIXRAV-A10,MIXRAV,mod,Mammal Grid,A10,"WGS84, UTM 10S",712698,4316242,
MIXRAV-J1,MIXRAV,mod,Mammal Grid,J1,"WGS84, UTM 10S",712784,4316337,
MIXRAV-J10,MIXRAV,mod,Mammal Grid,J10,"WGS84, UTM 10S",712689,4316336,
MIXRAV-CT1,MIXRAV,mod,Camera Trap,CT1,"WGS84, UTM 10S",712696,4316215,
MIXRAV-CT2,MIXRAV,mod,Camera Trap,CT2,"WGS84, UTM 10S",712849,4316116,
MIXRAV-BC1,MIXRAV,mod,Bird Count,BC1,"WGS84, UTM 10S",712922,4316276,
MIXRAV-BC2,MIXRAV,mod,Bird Count,BC2,"WGS84, UTM 10S",712706,4316220,
MIXMID-N,MIXMID,mod,Plot Corner,N,"WGS84, UTM 10S",712323,4315826,
MIXMID-E,MIXMID,mod,Plot Corner,E,"WGS84, UTM 10S",712483,4315693,
MIXMID-S,MIXMID,mod,Plot Corner,S,"WGS84, UTM 10S",712341,4315493,
MIXMID-W,MIXMID,mod,Plot Corner,W,"WGS84, UTM 10S",712222,4315646,
MIXMID-BAT,MIXMID,mod,Bat pole,BAT,"WGS84, UTM 10S",712410,4315754,
MIXMID-A1,MIXMID,mod,Mammal Grid,A1,"WGS84, UTM 10S",712423,4315714,
MIXMID-A10,MIXMID,mod,Mammal Grid,A10,"WGS84, UTM 10S",712381,4315654,
MIXMID-J1,MIXMID,mod,Mammal Grid,J1,"WGS84, UTM 10S",712346,4315762,
MIXMID-J10,MIXMID,mod,Mammal Grid,J10,"WGS84, UTM 10S",712293,4315657,
MIXMID-CT1,MIXMID,mod,Camera Trap,CT1,"WGS84, UTM 10S",712238,4315665,
MIXMID-CT2,MIXMID,mod,Camera Trap,CT2,"WGS84, UTM 10S",712314,4315790,
MIXMID-BC1,MIXMID,mod,Bird Count,BC1,"WGS84, UTM 10S",712348,4315493,
MIXMID-BC2,MIXMID,mod,Bird Count,BC2,"WGS84, UTM 10S",712323,4315826,
MIXDP2-N,MIXDP2,mod,Plot Corner,N,"WGS84, UTM 10S",712148,4315388,
MIXDP2-E,MIXDP2,mod,Plot Corner,E,"WGS84, UTM 10S",712202,4315222,
MIXDP2-S,MIXDP2,mod,Plot Corner,S,"WGS84, UTM 10S",712029,4315123,
MIXDP2-W,MIXDP2,mod,Plot Corner,W,"WGS84, UTM 10S",711950,4315377,
MIXDP2-BAT,MIXDP2,mod,Bat pole,BAT,"WGS84, UTM 10S",712165,4315194,
MIXDP2-A1,MIXDP2,mod,Mammal Grid,A1,"WGS84, UTM 10S",712118,4315369,
MIXDP2-A10,MIXDP2,mod,Mammal Grid,A10,"WGS84, UTM 10S",712928,4315342,
MIXDP2-J1,MIXDP2,mod,Mammal Grid,J1,"WGS84, UTM 10S",712163,4315288,
MIXDP2-J10,MIXDP2,mod,Mammal Grid,J10,"WGS84, UTM 10S",712074,4315255,
MIXDP2-CT1,MIXDP2,mod,Camera Trap,CT1,"WGS84, UTM 10S",711944,4315245,
MIXDP2-CT2,MIXDP2,mod,Camera Trap,CT2,"WGS84, UTM 10S",712043,4315210,
MIXDP2-BC1,MIXDP2,mod,Bird Count,BC1,"WGS84, UTM 10S",711959,4315387,
MIXDP2-BC2,MIXDP2,mod,Bird Count,BC2,"WGS84, UTM 10S",712202,4315222,
HICOWS-N,HICOWS,high,Plot Corner,N,"WGS84, UTM 10S",712458,4314550,
HICOWS-E,HICOWS,high,Plot Corner,E,"WGS84, UTM 10S",712559,4314444,
HICOWS-S,HICOWS,high,Plot Corner,S,"WGS84, UTM 10S",712540,4314310,
HICOWS-W,HICOWS,high,Plot Corner,W,"WGS84, UTM 10S",712268,4314395,
HICOWS-BAT,HICOWS,high,Bat pole,BAT,"WGS84, UTM 10S",712540,4314405,
HICOWS-A1,HICOWS,high,Mammal Grid,A1,"WGS84, UTM 10S",712379,4314357,
HICOWS-A10,HICOWS,high,Mammal Grid,A10,"WGS84, UTM 10S",712364,4314439,
HICOWS-J1,HICOWS,high,Mammal Grid,J1,"WGS84, UTM 10S",712467,4314355,
HICOWS-J10,HICOWS,high,Mammal Grid,J10,"WGS84, UTM 10S",712454,4314444,
HICOWS-CT1,HICOWS,high,Camera Trap,CT1,"WGS84, UTM 10S",712521,4314331,
HICOWS-CT2,HICOWS,high,Camera Trap,CT2,"WGS84, UTM 10S",712320,4314471,
HICOWS-BC1,HICOWS,high,Bird Count,BC1,"WGS84, UTM 10S",712268,4314395,
HICOWS-BC2,HICOWS,high,Bird Count,BC2,"WGS84, UTM 10S",712559,4314444,
HIWALK-N,HIWALK,high,Plot Corner,N,"WGS84, UTM 10S",712602,4314784,
HIWALK-E,HIWALK,high,Plot Corner,E,"WGS84, UTM 10S",712732,4314711,
HIWALK-S,HIWALK,high,Plot Corner,S,"WGS84, UTM 10S",712624,4314545,
HIWALK-W,HIWALK,high,Plot Corner,W,"WGS84, UTM 10S",712517,4314608,
HIWALK-BAT,HIWALK,high,Bat pole,BAT,"WGS84, UTM 10S",712662,4314682,
HIWALK-A1,HIWALK,high,Mammal Grid,A1,"WGS84, UTM 10S",712568,4314629,
HIWALK-A10,HIWALK,high,Mammal Grid,A10,"WGS84, UTM 10S",712660,4314630,
HIWALK-J1,HIWALK,high,Mammal Grid,J1,"WGS84, UTM 10S",712572,4314714,
HIWALK-J10,HIWALK,high,Mammal Grid,J10,"WGS84, UTM 10S",712662,4314722,
HIWALK-CT1,HIWALK,high,Camera Trap,CT1,"WGS84, UTM 10S",712654,4314766,
HIWALK-CT2,HIWALK,high,Camera Trap,CT2,"WGS84, UTM 10S",712681,4314628,
HIWALK-BC1,HIWALK,high,Bird Count,BC1,"WGS84, UTM 10S",712517,4314608,
HIWALK-BC2,HIWALK,high,Bird Count,BC2,"WGS84, UTM 10S",712732,4314711,
HISQUE-N,HISQUE,high,Plot Corner,N,"WGS84, UTM 10S",713268,4314336,
HISQUE-E,HISQUE,high,Plot Corner,E,"WGS84, UTM 10S",713448,4314250,
HISQUE-S,HISQUE,high,Plot Corner,S,"WGS84, UTM 10S",713361,4314070,
HISQUE-W,HISQUE,high,Plot Corner,W,"WGS84, UTM 10S",713179,4314154,
HISQUE-BAT,HISQUE,high,Bat pole,BAT,"WGS84, UTM 10S",713361,4314086,
HISQUE-A1,HISQUE,high,Mammal Grid,A1,"WGS84, UTM 10S",713264,4314183,
HISQUE-A10,HISQUE,high,Mammal Grid,A10,"WGS84, UTM 10S",713352,4314186,
HISQUE-J1,HISQUE,high,Mammal Grid,J1,"WGS84, UTM 10S",713259,4314272,
HISQUE-J10,HISQUE,high,Mammal Grid,J10,"WGS84, UTM 10S",713348,4314276,
HISQUE-CT1,HISQUE,high,Camera Trap,CT1,"WGS84, UTM 10S",713389,4314220,
HISQUE-CT2,HISQUE,high,Camera Trap,CT2,"WGS84, UTM 10S",713269,4314132,
HISQUE-BC1,HISQUE,high,Bird Count,BC1,"WGS84, UTM 10S",713442,4314249,
HISQUE-BC2,HISQUE,high,Bird Count,BC2,"WGS84, UTM 10S",713177,4314155,
GRNMAS-NW,GRNMAS,unb,Plot Corner,NW,"WGS84, UTM 10S",725138,4317964,
GRNMAS-SW,GRNMAS,unb,Plot Corner,SW,"WGS84, UTM 10S",725149,4317761,
GRNMAS-NE,GRNMAS,unb,Plot Corner,NE,"WGS84, UTM 10S",725333,4318012,
GRNMAS-SE,GRNMAS,unb,Plot Corner,SE,"WGS84, UTM 10S",725361,4317810,
GRNMAS-BAT,GRNMAS,unb,Bat pole,BAT,"WGS84, UTM 10S",725177,4317822,
GRNMAS-A1,GRNMAS,unb,Mammal Grid,A1,"WGS84, UTM 10S",725148,4317863,
GRNMAS-A10,GRNMAS,unb,Mammal Grid,A10,"WGS84, UTM 10S",725236,4317868,
GRNMAS-J1,GRNMAS,unb,Mammal Grid,J1,"WGS84, UTM 10S",725147,4317951,
GRNMAS-J10,GRNMAS,unb,Mammal Grid,J10,"WGS84, UTM 10S",725238,4317957,
GRNMAS-CT1,GRNMAS,unb,Camera Trap,CT1,"WGS84, UTM 10S",725153,4317975,
GRNMAS-CT2,GRNMAS,unb,Camera Trap,CT2,"WGS84, UTM 10S",725337,4317849,
GRNMAS-BC1,GRNMAS,unb,Bird Count,BC1,"WGS84, UTM 10S",725135,4317768,
GRNMAS-BC2,GRNMAS,unb,Bird Count,BC2,"WGS84, UTM 10S",725314,4317941,
GRNHOU-N,GRNHOU,unb,Plot Corner,N,"WGS84, UTM 10S",726032,4318647,
GRNHOU-E,GRNHOU,unb,Plot Corner,E,"WGS84, UTM 10S",726117,4318459,
GRNHOU-S,GRNHOU,unb,Plot Corner,S,"WGS84, UTM 10S",725919,4318429,
GRNHOU-W,GRNHOU,unb,Plot Corner,W,"WGS84, UTM 10S",725836,4318605,
GRNHOU-BAT,GRNHOU,unb,Bat pole,BAT,"WGS84, UTM 10S",725901,4318586,
GRNHOU-A1,GRNHOU,unb,Mammal Grid,A1,"WGS84, UTM 10S",725939,4318486,
GRNHOU-A10,GRNHOU,unb,Mammal Grid,A10,"WGS84, UTM 10S",726032,4318478,
GRNHOU-J1,GRNHOU,unb,Mammal Grid,J1,"WGS84, UTM 10S",725937,4318571,
GRNHOU-J10,GRNHOU,unb,Mammal Grid,J10,"WGS84, UTM 10S",726024,4318572,
GRNHOU-CT1,GRNHOU,unb,Camera Trap,CT1,"WGS84, UTM 10S",726061,4318531,
GRNHOU-CT2,GRNHOU,unb,Camera Trap,CT2,"WGS84, UTM 10S",725894,4318506,
GRNHOU-BC1,GRNHOU,unb,Bird Count,BC1,"WGS84, UTM 10S",725836,4318605,
GRNHOU-BC2,GRNHOU,unb,Bird Count,BC2,"WGS84, UTM 10S",726117,4318459,
GRNTUR-NW,GRNTUR,unb,Plot Corner,NW,"WGS84, UTM 10S",725044,4318921,
GRNTUR-NE,GRNTUR,unb,Plot Corner,NE,"WGS84, UTM 10S",725258,4318929,
GRNTUR-SW,GRNTUR,unb,Plot Corner,SW,"WGS84, UTM 10S",725060,4318729,
GRNTUR-SE,GRNTUR,unb,Plot Corner,SE,"WGS84, UTM 10S",725264,4318722,
GRNTUR-BAT,GRNTUR,unb,Bat pole,BAT,"WGS84, UTM 10S",725145,4318931,
GRNTUR-A1,GRNTUR,unb,Mammal Grid,A1,"WGS84, UTM 10S",725199,4318895,
GRNTUR-A10,GRNTUR,unb,Mammal Grid,A10,"WGS84, UTM 10S",725112,4318888,
GRNTUR-J1,GRNTUR,unb,Mammal Grid,J1,"WGS84, UTM 10S",725199,4318806,
GRNTUR-J10,GRNTUR,unb,Mammal Grid,J10,"WGS84, UTM 10S",725109,4318809,
GRNTUR-CT1,GRNTUR,unb,Camera Trap,CT1,"WGS84, UTM 10S",725175,4318908,
GRNTUR-CT2,GRNTUR,unb,Camera Trap,CT2,"WGS84, UTM 10S",725126,4318715,
GRNTUR-BC1,GRNTUR,unb,Bird Count,BC1,"WGS84, UTM 10S",725044,4318921,
GRNTUR-BC2,GRNTUR,unb,Bird Count,BC2,"WGS84, UTM 10S",725264,4318722,
MIXBUS-NW,MIXBUS,mod,Plot Corner,NW,"WGS84, UTM 10S",725280,4319726,
MIXBUS-SW,MIXBUS,mod,Plot Corner,SW,"WGS84, UTM 10S",725304,4319515,
MIXBUS-NE,MIXBUS,mod,Plot Corner,NE,"WGS84, UTM 10S",725428,4319748,
MIXBUS-SE,MIXBUS,mod,Plot Corner,SE,"WGS84, UTM 10S",725505,4319525,
MIXBUS-BAT,MIXBUS,mod,Bat pole,BAT,"WGS84, UTM 10S",725311,4319551,
MIXBUS-A1,MIXBUS,mod,Mammal Grid,A1,"WGS84, UTM 10S",725330,4319570,
MIXBUS-A10,MIXBUS,mod,Mammal Grid,A10,"WGS84, UTM 10S",725338,4319656,
MIXBUS-J1,MIXBUS,mod,Mammal Grid,J1,"WGS84, UTM 10S",725424,4319572,
MIXBUS-J10,MIXBUS,mod,Mammal Grid,J10,"WGS84, UTM 10S",725422,4319663,
MIXBUS-CT1,MIXBUS,mod,Camera Trap,CT1,"WGS84, UTM 10S",725494,4319569,
MIXBUS-CT2,MIXBUS,mod,Camera Trap,CT2,"WGS84, UTM 10S",725377,4319714,
MIXBUS-BC1,MIXBUS,mod,Bird Count,BC1,"WGS84, UTM 10S",725298,4319719,
MIXBUS-BC2,MIXBUS,mod,Bird Count,BC2,"WGS84, UTM 10S",725504,4319525,
MIXMOR-NW,MIXMOR,mod,Plot Corner,NW,"WGS84, UTM 10S",723591,4318828,
MIXMOR-NE,MIXMOR,mod,Plot Corner,NE,"WGS84, UTM 10S",723779,4318902,
MIXMOR-SW,MIXMOR,mod,Plot Corner,SW,"WGS84, UTM 10S",723700,4318623,
MIXMOR-SE,MIXMOR,mod,Plot Corner,SE,"WGS84, UTM 10S",723872,4318726,
MIXMOR-BAT,MIXMOR,mod,Bat pole,BAT,"WGS84, UTM 10S",723688,4318760,
MIXMOR-A1,MIXMOR,mod,Mammal Grid,A1,"WGS84, UTM 10S",723734,4318717,
MIXMOR-A10,MIXMOR,mod,Mammal Grid,A10,"WGS84, UTM 10S",723675,4318787,
MIXMOR-J1,MIXMOR,mod,Mammal Grid,J1,"WGS84, UTM 10S",723812,4318771,
MIXMOR-J10,MIXMOR,mod,Mammal Grid,J10,"WGS84, UTM 10S",723751,4318835,
MIXMOR-CT1,MIXMOR,mod,Camera Trap,CT1,"WGS84, UTM 10S",723706,4318614,
MIXMOR-CT2,MIXMOR,mod,Camera Trap,CT2,"WGS84, UTM 10S",723651,4318729,
MIXMOR-BC1,MIXMOR,mod,Bird Count,BC1,"WGS84, UTM 10S",723601,4318817,
MIXMOR-BC2,MIXMOR,mod,Bird Count,BC2,"WGS84, UTM 10S",723818,4318707,
MIXMIX-NW,MIXMIX,mod,Plot Corner,NW,"WGS84, UTM 10S",722180,4318996,
MIXMIX-NE,MIXMIX,mod,Plot Corner,NE,"WGS84, UTM 10S",722400,4318988,
MIXMIX-SW,MIXMIX,mod,Plot Corner,SW,"WGS84, UTM 10S",722181,4318786,
MIXMIX-SE,MIXMIX,mod,Plot Corner,SE,"WGS84, UTM 10S",722389,4318789,
MIXMIX-BAT,MIXMIX,mod,Bat pole,BAT,"WGS84, UTM 10S",722204,4318794,
MIXMIX-A1,MIXMIX,mod,Mammal Grid,A1,"WGS84, UTM 10S",722332,4318889,
MIXMIX-A10,MIXMIX,mod,Mammal Grid,A10,"WGS84, UTM 10S",722331,4318974,
MIXMIX-J1,MIXMIX,mod,Mammal Grid,J1,"WGS84, UTM 10S",722243,4318886,
MIXMIX-J10,MIXMIX,mod,Mammal Grid,J10,"WGS84, UTM 10S",722236,4318969,
MIXMIX-CT1,MIXMIX,mod,Camera Trap,CT1,"WGS84, UTM 10S",722228,4318924,
MIXMIX-CT2,MIXMIX,mod,Camera Trap,CT2,"WGS84, UTM 10S",722338,4318784,
MIXMIX-BC1,MIXMIX,mod,Bird Count,BC1,"WGS84, UTM 10S",722371,4318796,
MIXMIX-BC2,MIXMIX,mod,Bird Count,BC2,"WGS84, UTM 10S",722185,4318995,
HITEDD-N,HITEDD,high,Plot Corner,N,"WGS84, UTM 10S",715608,4316215,
HITEDD-E,HITEDD,high,Plot Corner,E,"WGS84, UTM 10S",715796,4316124,
HITEDD-S,HITEDD,high,Plot Corner,S,"WGS84, UTM 10S",715704,4315941,
HITEDD-W,HITEDD,high,Plot Corner,W,"WGS84, UTM 10S",715514,4316010,
HITEDD-BAT,HITEDD,high,Bat pole,BAT,"WGS84, UTM 10S",715603,4316097,
HITEDD-A1,HITEDD,high,Mammal Grid,A1,"WGS84, UTM 10S",715576,4316115,
HITEDD-A10,HITEDD,high,Mammal Grid,A10,"WGS84, UTM 10S",715576,4316030,
HITEDD-J1,HITEDD,high,Mammal Grid,J1,"WGS84, UTM 10S",715668,4316118,
HITEDD-J10,HITEDD,high,Mammal Grid,J10,"WGS84, UTM 10S",715670,4316028,
HITEDD-CT1,HITEDD,high,Camera Trap,CT1,"WGS84, UTM 10S",715763,4316053,
HITEDD-CT2,HITEDD,high,Camera Trap,CT2,"WGS84, UTM 10S",715632,4316194,
HITEDD-BC1,HITEDD,high,Bird Count,BC1,"WGS84, UTM 10S",715611,4316217,
HITEDD-BC2,HITEDD,high,Bird Count,BC2,"WGS84, UTM 10S",715511,4316011,
HIDODD-N,HIDODD,high,Plot Corner,N,"WGS84, UTM 10S",714961,4317471,
HIDODD-E,HIDODD,high,Plot Corner,E,"WGS84, UTM 10S",715128,4317357,
HIDODD-S,HIDODD,high,Plot Corner,S,"WGS84, UTM 10S",714989,4317195,
HIDODD-W,HIDODD,high,Plot Corner,W,"WGS84, UTM 10S",714833,4317315,
HIDODD-BAT,HIDODD,high,Bat pole,BAT,"WGS84, UTM 10S",714863,4317303,
HIDODD-A1,HIDODD,high,Mammal Grid,A1,"WGS84, UTM 10S",714937,4317387,
HIDODD-A10,HIDODD,high,Mammal Grid,A10,"WGS84, UTM 10S",714941,4317293,
HIDODD-J1,HIDODD,high,Mammal Grid,J1,"WGS84, UTM 10S",715032,4317398,
HIDODD-J10,HIDODD,high,Mammal Grid,J10,"WGS84, UTM 10S",715034,4317306,
HIDODD-CT1,HIDODD,high,Camera Trap,CT1,"WGS84, UTM 10S",714930,4317214,
HIDODD-CT2,HIDODD,high,Camera Trap,CT2,"WGS84, UTM 10S",714905,4317281,
HIDODD-BC1,HIDODD,high,Bird Count,BC1,"WGS84, UTM 10S",714956,4317470,
HIDODD-BC2,HIDODD,high,Bird Count,BC2,"WGS84, UTM 10S",714989,4317195,
HICORN-NE,HICORN,high,Plot Corner,NE,"WGS84, UTM 10S",717263,4319174,
HICORN-NW,HICORN,high,Plot Corner,NW,"WGS84, UTM 10S",717069,4319044,
HICORN-SE,HICORN,high,Plot Corner,SE,"WGS84, UTM 10S",717316,4319000,
HICORN-SW,HICORN,high,Plot Corner,SW,"WGS84, UTM 10S",717157,4318889,
HICORN-BAT,HICORN,high,Bat pole,BAT,"WGS84, UTM 10S",717275,4319121,
HICORN-A1,HICORN,high,Mammal Grid,A1,"WGS84, UTM 10S",717241,4318973,
HICORN-A10,HICORN,high,Mammal Grid,A10,"WGS84, UTM 10S",717238,4319066,
HICORN-J1,HICORN,high,Mammal Grid,J1,"WGS84, UTM 10S",717151,4318973,
HICORN-J10,HICORN,high,Mammal Grid,J10,"WGS84, UTM 10S",717147,4319064,
HICORN-CT1,HICORN,high,Camera Trap,CT1,"WGS84, UTM 10S",717106,4318943,
HICORN-CT2,HICORN,high,Camera Trap,CT2,"WGS84, UTM 10S",717100,4319045,
HICORN-BC1,HICORN,high,Bird Count,BC1,"WGS84, UTM 10S",717061,4319045,
HICORN-BC2,HICORN,high,Bird Count,BC2,"WGS84, UTM 10S",717316,4319000,
